{
  "type": "integrated_api:rotation_fixed_structure",
  "start_pool": "idas:tinkers_workshop/tinkers_workshop_entrance",
  "size": 8,
  "rotation_fixed": true,
  "terrain_height_radius_check": 1,
  "allowed_terrain_height_range": 15,
  "valid_biome_radius_check": 1,
  "biomes": "#idas:has_structure/tinkers_workshop_biomes",
  "step": "surface_structures",
  "terrain_adaptation": "beard_thin",
  "project_start_to_heightmap": "WORLD_SURFACE_WG",
  "start_height": {
    "absolute": 0
  },
  "spawn_overrides": {}
}