{
  "type":"add",
  "argument1":{
  "type": "minecraft:mul",
  "argument1": 0.25,
  "argument2": {
    "type": "minecraft:add",
    "argument1": {
      "type": "minecraft:add",
      "argument1": "continents:large/centroid/ring1_sync",
      "argument2": "continents:large/centroid/ring2_sync"
    },
    "argument2": {
      "type": "minecraft:add",
      "argument1": "continents:large/centroid/ring3_sync",
      "argument2": "continents:large/centroid/ring4_sync"
    }
  }
},
"argument2":{"type":"mul",
"argument1":0.06,
"argument2":{
         "argument":{
            "xz_scale":1,
            "y_scale":0.0,
            "noise":"continents:large/island_noise",
            "type":"minecraft:noise"
         },
         "type":"minecraft:flat_cache"
      }
}}
