{
  "feature": "minecraft:trees_jungle",
  "placement": [
    {
      "type": "minecraft:count",
      "count": {
        "type": "minecraft:clamped_normal",
        "value": 
          {
            "mean": 45,
            "deviation": 10,
            "min_inclusive": 35,
            "max_inclusive": 55
          }
      }
    },
    {
      "type": "minecraft:in_square"
    },
    {
      "type": "minecraft:surface_water_depth_filter",
      "max_water_depth": 0
    },
    {
      "type": "minecraft:heightmap",
      "heightmap": "OCEAN_FLOOR"
    },
    {
      "type": "minecraft:biome"
    }
  ]
}