{
  "feature": "hybrid_beta:trees_rainforest",
  "placement": [
    {
      "type": "minecraft:count",
      "count": {
        "type": "minecraft:clamped_normal",
        "value": 
          {
            "mean": 4,
            "deviation": 10,
            "min_inclusive": 1,
            "max_inclusive": 16
          }
      }
    },
    {
      "type": "minecraft:in_square"
    },
    {
      "max_water_depth": 0,
      "type": "minecraft:surface_water_depth_filter"
    },
    {
      "heightmap": "OCEAN_FLOOR",
      "type": "minecraft:heightmap"
    },
    {
      "type": "minecraft:biome"
    }
  ]
}