{
  "type": "minecraft:flat_cache",
  "argument": {
    "type": "minecraft:cache_2d",
    "argument": {
      "type": "minecraft:add",
      "argument1": 10.0,
      "argument2": {
        "type": "minecraft:mul",
        "argument1": {
          "type": "minecraft:blend_alpha"
        },
        "argument2": {
          "type": "minecraft:add",
          "argument1": -10.0,
          "argument2": {
            "type": "minecraft:spline",
            "spline": {
              "coordinate": "minecraft:overworld/continents",
              "points": [
                {
                  "location": -0.275,
                  "derivative": 0,
                  "value": {
                    "coordinate": "minecraft:overworld/erosion",
                    "points": [
                      {
                        "location": -0.6,
                        "derivative": 0,
                        "value": {
                          "coordinate": "minecraft:overworld/ridges",
                          "points": [
                            {
                              "location": 0,
                              "value": 6.275,
                              "derivative": 0
                            }
                          ]
                        }
                      }
                    ]
                  }
                },
                {
                  "location": -0.15,
                  "derivative": 0,
                  "value": {
                    "coordinate": "minecraft:overworld/erosion",
                    "points": [
                      {
                        "location": -0.65,
                        "derivative": 0,
                        "value": {
                          "coordinate": "minecraft:overworld/ridges",
                          "points": [
                            {
                              "location": -0.2,
                              "value": 6.3,
                              "derivative": 0
                            },
                            {
                              "location": 0.2,
                              "value": 6.25,
                              "derivative": 0
                            }
                          ]
                        }
                      },
                      {
                        "location": -0.555,
                        "derivative": 0,
                        "value": {
                          "coordinate": "minecraft:overworld/ridges",
                          "points": [
                            {
                              "location": -0.05,
                              "value": 6.3,
                              "derivative": 0
                            },
                            {
                              "location": 0.05,
                              "value": {
                                "coordinate": "hybrid_beta:overworld/vegetation",
                                "points": [
                                  {
                                    "location": -1.0,
                                    "value": 2.5,
                                    "derivative": -0.25
                                  },
                                  {
                                    "location": 0.0,
                                    "value": 1.25,
                                    "derivative": 0.0
                                  }
                                ]
                              },
                              "derivative": 0
                            }
                          ]
                        }
                      },
                      {
                        "location": -0.35,
                        "derivative": 0,
                        "value": {
                          "coordinate": "minecraft:overworld/ridges",
                          "points": [
                            {
                              "location": -0.2,
                              "value": 6.3,
                              "derivative": 0
                            },
                            {
                              "location": 0.2,
                              "value": {
                                "coordinate": "hybrid_beta:overworld/vegetation",
                                "points": [
                                  {
                                    "location": -1.0,
                                    "value": 2.5,
                                    "derivative": -0.25
                                  },
                                  {
                                    "location": 0.0,
                                    "value": 1.25,
                                    "derivative": 0.0
                                  }
                                ]
                              },
                              "derivative": 0
                            }
                          ]
                        }
                      },
                      {
                        "location": -0.25,
                        "derivative": 0,
                        "value": {
                          "coordinate": "minecraft:overworld/ridges",
                          "points": [
                            {
                              "location": -0.2,
                              "value": 6.3,
                              "derivative": 0
                            },
                            {
                              "location": 0.2,
                              "value": {
                                "coordinate": "hybrid_beta:overworld/vegetation",
                                "points": [
                                  {
                                    "location": -1.0,
                                    "value": 2.5,
                                    "derivative": -0.25
                                  },
                                  {
                                    "location": 0.0,
                                    "value": 1.25,
                                    "derivative": 0.0
                                  }
                                ]
                              },
                              "derivative": 0
                            }
                          ]
                        }
                      },
                      {
                        "location": -0.1,
                        "derivative": 0,
                        "value": {
                          "coordinate": "minecraft:overworld/ridges",
                          "points": [
                            {
                              "location": -0.05,
                              "value": {
                                "coordinate": "hybrid_beta:overworld/vegetation",
                                "points": [
                                  {
                                    "location": -1.0,
                                    "value": 2.5,
                                    "derivative": -0.25
                                  },
                                  {
                                    "location": 0.0,
                                    "value": 1.0,
                                    "derivative": 0.0
                                  }
                                ]
                              },
                              "derivative": 0
                            },
                            {
                              "location": 0.05,
                              "value": 6.3,
                              "derivative": 0
                            }
                          ]
                        }
                      },
                      {
                        "location": 0.03,
                        "derivative": 0,
                        "value": {
                          "coordinate": "minecraft:overworld/ridges",
                          "points": [
                            {
                              "location": -0.2,
                              "value": 6.3,
                              "derivative": 0
                            },
                            {
                              "location": 0.2,
                              "value": 6.25,
                              "derivative": 0
                            }
                          ]
                        }
                      },
                      {
                        "location": 0.35,
                        "derivative": 0,
                        "value": {
                          "coordinate": "minecraft:overworld/ridges",
                          "points": [
                            {
                              "location": 0,
                              "value": 6.25,
                              "derivative": 0
                            }
                          ]
                        }
                      },
                      {
                        "location": 0.45,
                        "derivative": 0,
                        "value": {
                          "coordinate": "minecraft:overworld/ridges",
                          "points": [
                            {
                              "location": -1.3,
                              "value": 6.25,
                              "derivative": 0
                            },
                            {
                              "location": -1.23,
                              "value": 1.0,
                              "derivative": 0
                            },
                            {
                              "location": -0.1,
                              "value": 1.0,
                              "derivative": 0
                            },
                            {
                              "location": -0.033,
                              "value": 1.0,
                              "derivative": 0
                            },
                            {
                              "location": 0.0,
                              "value": 2.5,
                              "derivative": 0
                            },
                            {
                              "location": 0.033,
                              "value": 1.0,
                              "derivative": 0
                            },
                            {
                              "location": 0.1,
                              "value": {
                                "coordinate": "hybrid_beta:overworld/vegetation",
                                "points": [
                                  {
                                    "location": -1.0,
                                    "value": 2.5,
                                    "derivative": -0.25
                                  },
                                  {
                                    "location": 0.0,
                                    "value": 0.625,
                                    "derivative": 0.0
                                  }
                                ]
                              },
                              "derivative": 0
                            },
                            {
                              "location": 1.23,
                              "value": {
                                "coordinate": "hybrid_beta:overworld/vegetation",
                                "points": [
                                  {
                                    "location": -1.0,
                                    "value": 2.5,
                                    "derivative": -0.25
                                  },
                                  {
                                    "location": 0.0,
                                    "value": 0.625,
                                    "derivative": 0.0
                                  }
                                ]
                              },
                              "derivative": 0
                            },
                            {
                              "location": 1.3,
                              "value": 6.25,
                              "derivative": 0
                            }
                          ]
                        }
                      },
                      {
                        "location": 0.55,
                        "derivative": 0,
                        "value": {
                          "coordinate": "minecraft:overworld/ridges",
                          "points": [
                            {
                              "location": -1.3,
                              "value": 6.25,
                              "derivative": 0
                            },
                            {
                              "location": -1.23,
                              "value": 6.25,
                              "derivative": 0
                            },
                            {
                              "location": -0.1,
                              "value": 1.0,
                              "derivative": 0
                            },
                            {
                              "location": -0.033,
                              "value": 1.0,
                              "derivative": 0
                            },
                            {
                              "location": 0.0,
                              "value": 2.5,
                              "derivative": 0
                            },
                            {
                              "location": 0.033,
                              "value": 1.0,
                              "derivative": 0
                            },
                            {
                              "location": 0.1,
                              "value": {
                                "coordinate": "hybrid_beta:overworld/vegetation",
                                "points": [
                                  {
                                    "location": -1.0,
                                    "value": 2.5,
                                    "derivative": -0.25
                                  },
                                  {
                                    "location": 0.0,
                                    "value": 0.625,
                                    "derivative": 0.0
                                  }
                                ]
                              },
                              "derivative": 0
                            },
                            {
                              "location": 1.23,
                              "value": {
                                "coordinate": "hybrid_beta:overworld/vegetation",
                                "points": [
                                  {
                                    "location": -1.0,
                                    "value": 2.5,
                                    "derivative": -0.25
                                  },
                                  {
                                    "location": 0.0,
                                    "value": 0.625,
                                    "derivative": 0.0
                                  }
                                ]
                              },
                              "derivative": 0
                            },
                            {
                              "location": 1.3,
                              "value": 6.25,
                              "derivative": 0
                            }
                          ]
                        }
                      },
                      {
                        "location": 0.7,
                        "derivative": 0,
                        "value": {
                          "coordinate": "minecraft:overworld/ridges",
                          "points": [
                            {
                              "location": 0,
                              "value": 6.25,
                              "derivative": 0
                            }
                          ]
                        }
                      }
                    ]
                  }
                },
                {
                  "location": -0.1,
                  "derivative": 0,
                  "value": {
                    "coordinate": "minecraft:overworld/erosion",
                    "points": [
                      {
                        "location": -0.65,
                        "derivative": 0,
                        "value": {
                          "coordinate": "minecraft:overworld/ridges",
                          "points": [
                            {
                              "location": -0.2,
                              "value": 6.3,
                              "derivative": 0
                            },
                            {
                              "location": 0.2,
                              "value": {
                                "coordinate": "hybrid_beta:overworld/vegetation",
                                "points": [
                                  {
                                    "location": -1.0,
                                    "value": 2.5,
                                    "derivative": -0.25
                                  },
                                  {
                                    "location": 0.0,
                                    "value": 1.0,
                                    "derivative": 0.0
                                  }
                                ]
                              },
                              "derivative": 0
                            }
                          ]
                        }
                      },
                      {
                        "location": -0.555,
                        "derivative": 0,
                        "value": {
                          "coordinate": "minecraft:overworld/ridges",
                          "points": [
                            {
                              "location": -0.05,
                              "value": 6.3,
                              "derivative": 0
                            },
                            {
                              "location": 0.05,
                              "value": {
                                "coordinate": "hybrid_beta:overworld/vegetation",
                                "points": [
                                  {
                                    "location": -1.0,
                                    "value": 2.5,
                                    "derivative": -0.25
                                  },
                                  {
                                    "location": 0.0,
                                    "value": 1.0,
                                    "derivative": 0.0
                                  }
                                ]
                              },
                              "derivative": 0
                            }
                          ]
                        }
                      },
                      {
                        "location": -0.35,
                        "derivative": 0,
                        "value": {
                          "coordinate": "minecraft:overworld/ridges",
                          "points": [
                            {
                              "location": -0.2,
                              "value": 6.3,
                              "derivative": 0
                            },
                            {
                              "location": 0.2,
                              "value": {
                                "coordinate": "hybrid_beta:overworld/vegetation",
                                "points": [
                                  {
                                    "location": -1.0,
                                    "value": 2.5,
                                    "derivative": -0.25
                                  },
                                  {
                                    "location": 0.0,
                                    "value": 1.0,
                                    "derivative": 0.0
                                  }
                                ]
                              },
                              "derivative": 0
                            }
                          ]
                        }
                      },
                      {
                        "location": -0.25,
                        "derivative": 0,
                        "value": {
                          "coordinate": "minecraft:overworld/ridges",
                          "points": [
                            {
                              "location": -0.2,
                              "value": 6.3,
                              "derivative": 0
                            },
                            {
                              "location": 0.2,
                              "value": {
                                "coordinate": "hybrid_beta:overworld/vegetation",
                                "points": [
                                  {
                                    "location": -1.0,
                                    "value": 2.5,
                                    "derivative": -0.25
                                  },
                                  {
                                    "location": 0.0,
                                    "value": 1.0,
                                    "derivative": 0.0
                                  }
                                ]
                              },
                              "derivative": 0
                            }
                          ]
                        }
                      },
                      {
                        "location": -0.1,
                        "derivative": 0,
                        "value": {
                          "coordinate": "minecraft:overworld/ridges",
                          "points": [
                            {
                              "location": -0.05,
                              "value": {
                                "coordinate": "hybrid_beta:overworld/vegetation",
                                "points": [
                                  {
                                    "location": -1.0,
                                    "value": 2.5,
                                    "derivative": -0.25
                                  },
                                  {
                                    "location": 0.0,
                                    "value": 1.0,
                                    "derivative": 0.0
                                  }
                                ]
                              },
                              "derivative": 0
                            },
                            {
                              "location": 0.0,
                              "value": 2.5,
                              "derivative": 0
                            },
                            {
                              "location": 0.05,
                              "value": 6.3,
                              "derivative": 0
                            }
                          ]
                        }
                      },
                      {
                        "location": 0.03,
                        "derivative": 0,
                        "value": {
                          "coordinate": "minecraft:overworld/ridges",
                          "points": [
                            {
                              "location": -0.2,
                              "value": 6.3,
                              "derivative": 0
                            },
                            {
                              "location": 0.0,
                              "value": 2.5,
                              "derivative": 0
                            },
                            {
                              "location": 0.2,
                              "value": {
                                "coordinate": "hybrid_beta:overworld/vegetation",
                                "points": [
                                  {
                                    "location": -1.0,
                                    "value": 2.5,
                                    "derivative": -0.25
                                  },
                                  {
                                    "location": 0.0,
                                    "value": 1.0,
                                    "derivative": 0.0
                                  }
                                ]
                              },
                              "derivative": 0
                            }
                          ]
                        }
                      },
                      {
                        "location": 0.35,
                        "derivative": 0,
                        "value": {
                          "coordinate": "minecraft:overworld/ridges",
                          "points": [
                            {
                              "location": 0,
                              "value": 5.47,
                              "derivative": 0
                            }
                          ]
                        }
                      },
                      {
                        "location": 0.45,
                        "derivative": 0,
                        "value": {
                          "coordinate": "minecraft:overworld/ridges",
                          "points": [
                            {
                              "location": -1.3,
                              "value": 5.47,
                              "derivative": 0
                            },
                            {
                              "location": -1.23,
                              "value": 5.47,
                              "derivative": 0
                            },
                            {
                              "location": -0.1,
                              "value": {
                                "coordinate": "hybrid_beta:overworld/vegetation",
                                "points": [
                                  {
                                    "location": -1.0,
                                    "value": 2.5,
                                    "derivative": -0.25
                                  },
                                  {
                                    "location": 0.0,
                                    "value": 0.9,
                                    "derivative": 0.0
                                  }
                                ]
                              },
                              "derivative": 0
                            },
                            {
                              "location": -0.033,
                              "value": {
                                "coordinate": "hybrid_beta:overworld/vegetation",
                                "points": [
                                  {
                                    "location": -1.0,
                                    "value": 2.5,
                                    "derivative": -0.25
                                  },
                                  {
                                    "location": 0.0,
                                    "value": 0.9,
                                    "derivative": 0.0
                                  }
                                ]
                              },
                              "derivative": 0
                            },
                            {
                              "location": 0.0,
                              "value": 2.5,
                              "derivative": 0
                            },
                            {
                              "location": 0.033,
                              "value": {
                                "coordinate": "hybrid_beta:overworld/vegetation",
                                "points": [
                                  {
                                    "location": -1.0,
                                    "value": 2.5,
                                    "derivative": -0.25
                                  },
                                  {
                                    "location": 0.0,
                                    "value": 0.9,
                                    "derivative": 0.0
                                  }
                                ]
                              },
                              "derivative": 0
                            },
                            {
                              "location": 0.1,
                              "value": {
                                "coordinate": "hybrid_beta:overworld/vegetation",
                                "points": [
                                  {
                                    "location": -1.0,
                                    "value": 2.5,
                                    "derivative": -0.25
                                  },
                                  {
                                    "location": 0.0,
                                    "value": 0.625,
                                    "derivative": 0.0
                                  }
                                ]
                              },
                              "derivative": 0
                            },
                            {
                              "location": 1.23,
                              "value": {
                                "coordinate": "hybrid_beta:overworld/vegetation",
                                "points": [
                                  {
                                    "location": -1.0,
                                    "value": 2.5,
                                    "derivative": -0.25
                                  },
                                  {
                                    "location": 0.0,
                                    "value": 0.625,
                                    "derivative": 0.0
                                  }
                                ]
                              },
                              "derivative": 0
                            },
                            {
                              "location": 1.3,
                              "value": 5.47,
                              "derivative": 0
                            }
                          ]
                        }
                      },
                      {
                        "location": 0.55,
                        "derivative": 0,
                        "value": {
                          "coordinate": "minecraft:overworld/ridges",
                          "points": [
                            {
                              "location": -1.3,
                              "value": 5.47,
                              "derivative": 0
                            },
                            {
                              "location": -1.23,
                              "value": 0.9,
                              "derivative": 0
                            },
                            {
                              "location": -0.1,
                              "value": {
                                "coordinate": "hybrid_beta:overworld/vegetation",
                                "points": [
                                  {
                                    "location": -1.0,
                                    "value": 2.5,
                                    "derivative": -0.25
                                  },
                                  {
                                    "location": 0.0,
                                    "value": 0.9,
                                    "derivative": 0.0
                                  }
                                ]
                              },
                              "derivative": 0
                            },
                            {
                              "location": -0.033,
                              "value": {
                                "coordinate": "hybrid_beta:overworld/vegetation",
                                "points": [
                                  {
                                    "location": -1.0,
                                    "value": 2.5,
                                    "derivative": -0.25
                                  },
                                  {
                                    "location": 0.0,
                                    "value": 0.9,
                                    "derivative": 0.0
                                  }
                                ]
                              },
                              "derivative": 0
                            },
                            {
                              "location": 0.0,
                              "value": 2.5,
                              "derivative": 0
                            },
                            {
                              "location": 0.033,
                              "value": {
                                "coordinate": "hybrid_beta:overworld/vegetation",
                                "points": [
                                  {
                                    "location": -1.0,
                                    "value": 2.5,
                                    "derivative": -0.25
                                  },
                                  {
                                    "location": 0.0,
                                    "value": 0.9,
                                    "derivative": 0.0
                                  }
                                ]
                              },
                              "derivative": 0
                            },
                            {
                              "location": 0.1,
                              "value": {
                                "coordinate": "hybrid_beta:overworld/vegetation",
                                "points": [
                                  {
                                    "location": -1.0,
                                    "value": 2.5,
                                    "derivative": -0.25
                                  },
                                  {
                                    "location": 0.0,
                                    "value": 0.625,
                                    "derivative": 0.0
                                  }
                                ]
                              },
                              "derivative": 0
                            },
                            {
                              "location": 1.23,
                              "value": {
                                "coordinate": "hybrid_beta:overworld/vegetation",
                                "points": [
                                  {
                                    "location": -1.0,
                                    "value": 2.5,
                                    "derivative": -0.25
                                  },
                                  {
                                    "location": 0.0,
                                    "value": 0.625,
                                    "derivative": 0.0
                                  }
                                ]
                              },
                              "derivative": 0
                            },
                            {
                              "location": 1.3,
                              "value": 5.47,
                              "derivative": 0
                            }
                          ]
                        }
                      },
                      {
                        "location": 0.7,
                        "derivative": 0,
                        "value": {
                          "coordinate": "minecraft:overworld/ridges",
                          "points": [
                            {
                              "location": 0,
                              "value": 5.47,
                              "derivative": 0
                            }
                          ]
                        }
                      }
                    ]
                  }
                },
                {
                  "location": 0.03,
                  "derivative": 0,
                  "value": {
                    "coordinate": "minecraft:overworld/erosion",
                    "points": [
                      {
                        "location": -0.65,
                        "derivative": 0,
                        "value": {
                          "coordinate": "minecraft:overworld/ridges",
                          "points": [
                            {
                              "location": -0.2,
                              "value": 6.3,
                              "derivative": 0
                            },
                            {
                              "location": 0.2,
                              "value": 5.08,
                              "derivative": 0
                            }
                          ]
                        }
                      },
                      {
                        "location": -0.555,
                        "derivative": 0,
                        "value": {
                          "coordinate": "minecraft:overworld/ridges",
                          "points": [
                            {
                              "location": -0.05,
                              "value": 6.3,
                              "derivative": 0
                            },
                            {
                              "location": 0.05,
                              "value": {
                                "coordinate": "hybrid_beta:overworld/vegetation",
                                "points": [
                                  {
                                    "location": -1.0,
                                    "value": 2.5,
                                    "derivative": -0.25
                                  },
                                  {
                                    "location": 0.0,
                                    "value": 0.9,
                                    "derivative": 0.0
                                  }
                                ]
                              },
                              "derivative": 0
                            }
                          ]
                        }
                      },
                      {
                        "location": -0.35,
                        "derivative": 0,
                        "value": {
                          "coordinate": "minecraft:overworld/ridges",
                          "points": [
                            {
                              "location": -0.2,
                              "value": 6.3,
                              "derivative": 0
                            },
                            {
                              "location": 0.2,
                              "value": {
                                "coordinate": "hybrid_beta:overworld/vegetation",
                                "points": [
                                  {
                                    "location": -1.0,
                                    "value": 2.5,
                                    "derivative": -0.25
                                  },
                                  {
                                    "location": 0.0,
                                    "value": 0.9,
                                    "derivative": 0.0
                                  }
                                ]
                              },
                              "derivative": 0
                            }
                          ]
                        }
                      },
                      {
                        "location": -0.25,
                        "derivative": 0,
                        "value": {
                          "coordinate": "minecraft:overworld/ridges",
                          "points": [
                            {
                              "location": -0.2,
                              "value": 6.3,
                              "derivative": 0
                            },
                            {
                              "location": 0.2,
                              "value": {
                                "coordinate": "hybrid_beta:overworld/vegetation",
                                "points": [
                                  {
                                    "location": -1.0,
                                    "value": 2.5,
                                    "derivative": -0.25
                                  },
                                  {
                                    "location": 0.0,
                                    "value": 0.9,
                                    "derivative": 0.0
                                  }
                                ]
                              },
                              "derivative": 0
                            }
                          ]
                        }
                      },
                      {
                        "location": -0.1,
                        "derivative": 0,
                        "value": {
                          "coordinate": "minecraft:overworld/ridges",
                          "points": [
                            {
                              "location": -0.05,
                              "value": {
                                "coordinate": "hybrid_beta:overworld/vegetation",
                                "points": [
                                  {
                                    "location": -1.0,
                                    "value": 2.5,
                                    "derivative": -0.25
                                  },
                                  {
                                    "location": 0.0,
                                    "value": 0.9,
                                    "derivative": 0.0
                                  }
                                ]
                              },
                              "derivative": 0
                            },
                            {
                              "location": 0.0,
                              "value": 2.5,
                              "derivative": 0
                            },
                            {
                              "location": 0.05,
                              "value": 6.3,
                              "derivative": 0
                            }
                          ]
                        }
                      },
                      {
                        "location": 0.03,
                        "derivative": 0,
                        "value": {
                          "coordinate": "minecraft:overworld/ridges",
                          "points": [
                            {
                              "location": -0.2,
                              "value": 6.3,
                              "derivative": 0
                            },
                            {
                              "location": 0.0,
                              "value": 3.5,
                              "derivative": 0
                            },
                            {
                              "location": 0.2,
                              "value": {
                                "coordinate": "hybrid_beta:overworld/vegetation",
                                "points": [
                                  {
                                    "location": -1.0,
                                    "value": 2.5,
                                    "derivative": -0.25
                                  },
                                  {
                                    "location": 0.0,
                                    "value": 0.9,
                                    "derivative": 0.0
                                  }
                                ]
                              },
                              "derivative": 0
                            }
                          ]
                        }
                      },
                      {
                        "location": 0.35,
                        "derivative": 0,
                        "value": {
                          "coordinate": "minecraft:overworld/ridges",
                          "points": [
                            {
                              "location": 0,
                              "value": 5.08,
                              "derivative": 0
                            }
                          ]
                        }
                      },
                      {
                        "location": 0.45,
                        "derivative": 0,
                        "value": {
                          "coordinate": "minecraft:overworld/ridges",
                          "points": [
                            {
                              "location": -1.3,
                              "value": 5.08,
                              "derivative": 0
                            },
                            {
                              "location": -1.23,
                              "value": {
                                "coordinate": "hybrid_beta:overworld/vegetation",
                                "points": [
                                  {
                                    "location": -1.0,
                                    "value": 2.5,
                                    "derivative": -0.25
                                  },
                                  {
                                    "location": 0.0,
                                    "value": 0.9,
                                    "derivative": 0.0
                                  }
                                ]
                              },
                              "derivative": 0
                            },
                            {
                              "location": -0.1,
                              "value": {
                                "coordinate": "hybrid_beta:overworld/vegetation",
                                "points": [
                                  {
                                    "location": -1.0,
                                    "value": 2.5,
                                    "derivative": -0.25
                                  },
                                  {
                                    "location": 0.0,
                                    "value": 0.9,
                                    "derivative": 0.0
                                  }
                                ]
                              },
                              "derivative": 0
                            },
                            {
                              "location": 0.0,
                              "value": 2.5,
                              "derivative": 0
                            },
                            {
                              "location": 0.1,
                              "value": {
                                "coordinate": "hybrid_beta:overworld/vegetation",
                                "points": [
                                  {
                                    "location": -1.0,
                                    "value": 2.5,
                                    "derivative": -0.25
                                  },
                                  {
                                    "location": 0.0,
                                    "value": 0.625,
                                    "derivative": 0.0
                                  }
                                ]
                              },
                              "derivative": 0
                            },
                            {
                              "location": 1.23,
                              "value": {
                                "coordinate": "hybrid_beta:overworld/vegetation",
                                "points": [
                                  {
                                    "location": -1.0,
                                    "value": 2.5,
                                    "derivative": -0.25
                                  },
                                  {
                                    "location": 0.0,
                                    "value": 0.625,
                                    "derivative": 0.0
                                  }
                                ]
                              },
                              "derivative": 0
                            },
                            {
                              "location": 1.3,
                              "value": 5.08,
                              "derivative": 0
                            }
                          ]
                        }
                      },
                      {
                        "location": 0.55,
                        "derivative": 0,
                        "value": {
                          "coordinate": "minecraft:overworld/ridges",
                          "points": [
                            {
                              "location": -1.3,
                              "value": 5.08,
                              "derivative": 0
                            },
                            {
                              "location": -1.23,
                              "value": {
                                "coordinate": "hybrid_beta:overworld/vegetation",
                                "points": [
                                  {
                                    "location": -1.0,
                                    "value": 2.5,
                                    "derivative": -0.25
                                  },
                                  {
                                    "location": 0.0,
                                    "value": 0.9,
                                    "derivative": 0.0
                                  }
                                ]
                              },
                              "derivative": 0
                            },
                            {
                              "location": -0.2,
                              "value": {
                                "coordinate": "hybrid_beta:overworld/vegetation",
                                "points": [
                                  {
                                    "location": -1.0,
                                    "value": 2.5,
                                    "derivative": -0.25
                                  },
                                  {
                                    "location": 0.0,
                                    "value": 0.9,
                                    "derivative": 0.0
                                  }
                                ]
                              },
                              "derivative": 0
                            },
                            {
                              "location": 0.0,
                              "value": 3.5,
                              "derivative": 0
                            },
                            {
                              "location": 0.2,
                              "value": {
                                "coordinate": "hybrid_beta:overworld/vegetation",
                                "points": [
                                  {
                                    "location": -1.0,
                                    "value": 2.5,
                                    "derivative": -0.25
                                  },
                                  {
                                    "location": 0.0,
                                    "value": 0.625,
                                    "derivative": 0.0
                                  }
                                ]
                              },
                              "derivative": 0
                            },
                            {
                              "location": 1.23,
                              "value": {
                                "coordinate": "hybrid_beta:overworld/vegetation",
                                "points": [
                                  {
                                    "location": -1.0,
                                    "value": 2.5,
                                    "derivative": -0.25
                                  },
                                  {
                                    "location": 0.0,
                                    "value": 0.625,
                                    "derivative": 0.0
                                  }
                                ]
                              },
                              "derivative": 0
                            },
                            {
                              "location": 1.3,
                              "value": 5.08,
                              "derivative": 0
                            }
                          ]
                        }
                      },
                      {
                        "location": 0.7,
                        "derivative": 0,
                        "value": {
                          "coordinate": "minecraft:overworld/ridges",
                          "points": [
                            {
                              "location": 0,
                              "value": 5.08,
                              "derivative": 0
                            }
                          ]
                        }
                      }
                    ]
                  }
                },
                {
                  "location": 0.1,
                  "derivative": 0,
                  "value": {
                    "coordinate": "minecraft:overworld/erosion",
                    "points": [
                      {
                        "location": -0.65,
                        "derivative": 0,
                        "value": {
                          "coordinate": "minecraft:overworld/ridges",
                          "points": [
                            {
                              "location": -0.2,
                              "value": 4.5,
                              "derivative": 0.0
                            },
                            {
                              "location": 0.0,
                              "value": 4.5,
                              "derivative": 0.0
                            },
                            {
                              "location": 0.04,
                              "value": 4.5,
                              "derivative": -0.3
                            },
                            {
                              "location": 0.06,
                              "value": {
                                "coordinate": "hybrid_beta:overworld/vegetation",
                                "points": [
                                  {
                                    "location": -1.0,
                                    "value": 2.5,
                                    "derivative": -0.25
                                  },
                                  {
                                    "location": 0.0,
                                    "value": 1.0,
                                    "derivative": 0.0
                                  }
                                ]
                              },
                              "derivative": 0.0
                            },
                            {
                              "location": 0.2,
                              "value": {
                                "coordinate": "hybrid_beta:overworld/vegetation",
                                "points": [
                                  {
                                    "location": -1.0,
                                    "value": 2.5,
                                    "derivative": -0.25
                                  },
                                  {
                                    "location": 0.0,
                                    "value": 1.0,
                                    "derivative": 0.0
                                  }
                                ]
                              },
                              "derivative": -0.0
                            }
                          ]
                        }
                      },
                      {
                        "location": -0.555,
                        "derivative": 0,
                        "value": {
                          "coordinate": "minecraft:overworld/ridges",
                          "points": [
                            {
                              "location": -0.2,
                              "value": 4.5,
                              "derivative": 0.0
                            },
                            {
                              "location": 0.0,
                              "value": 4.5,
                              "derivative": 0.0
                            },
                            {
                              "location": 0.04,
                              "value": 4.5,
                              "derivative": -0.3
                            },
                            {
                              "location": 0.06,
                              "value": {
                                "coordinate": "hybrid_beta:overworld/vegetation",
                                "points": [
                                  {
                                    "location": -1.0,
                                    "value": 2.5,
                                    "derivative": -0.25
                                  },
                                  {
                                    "location": 0.0,
                                    "value": 1.0,
                                    "derivative": 0.0
                                  }
                                ]
                              },
                              "derivative": 0.0
                            },
                            {
                              "location": 0.2,
                              "value": {
                                "coordinate": "hybrid_beta:overworld/vegetation",
                                "points": [
                                  {
                                    "location": -1.0,
                                    "value": 2.5,
                                    "derivative": -0.25
                                  },
                                  {
                                    "location": 0.0,
                                    "value": 1.0,
                                    "derivative": 0.0
                                  }
                                ]
                              },
                              "derivative": 0.0
                            }
                          ]
                        }
                      },
                      {
                        "location": -0.35,
                        "derivative": 0,
                        "value": {
                          "coordinate": "minecraft:overworld/ridges",
                          "points": [
                            {
                              "location": -0.2,
                              "value": 4.5,
                              "derivative": 0.0
                            },
                            {
                              "location": 0.0,
                              "value": 4.5,
                              "derivative": 0.0
                            },
                            {
                              "location": 0.04,
                              "value": 4.5,
                              "derivative": -0.3
                            },
                            {
                              "location": 0.06,
                              "value": {
                                "coordinate": "hybrid_beta:overworld/vegetation",
                                "points": [
                                  {
                                    "location": -1.0,
                                    "value": 2.5,
                                    "derivative": -0.25
                                  },
                                  {
                                    "location": 0.0,
                                    "value": 0.9,
                                    "derivative": 0.0
                                  }
                                ]
                              },
                              "derivative": 0.0
                            },
                            {
                              "location": 0.2,
                              "value": {
                                "coordinate": "hybrid_beta:overworld/vegetation",
                                "points": [
                                  {
                                    "location": -1.0,
                                    "value": 2.5,
                                    "derivative": -0.25
                                  },
                                  {
                                    "location": 0.0,
                                    "value": 0.9,
                                    "derivative": 0.0
                                  }
                                ]
                              },
                              "derivative": 0.0
                            }
                          ]
                        }
                      },
                      {
                        "location": -0.25,
                        "derivative": 0,
                        "value": {
                          "coordinate": "minecraft:overworld/ridges",
                          "points": [
                            {
                              "location": -0.2,
                              "value": 4.5,
                              "derivative": 0.0
                            },
                            {
                              "location": 0.0,
                              "value": 4.5,
                              "derivative": 0.0
                            },
                            {
                              "location": 0.04,
                              "value": 4.5,
                              "derivative": -0.3
                            },
                            {
                              "location": 0.06,
                              "value": {
                                "coordinate": "hybrid_beta:overworld/vegetation",
                                "points": [
                                  {
                                    "location": -1.0,
                                    "value": 2.5,
                                    "derivative": -0.25
                                  },
                                  {
                                    "location": 0.0,
                                    "value": 0.9,
                                    "derivative": 0.0
                                  }
                                ]
                              },
                              "derivative": 0.0
                            },
                            {
                              "location": 0.2,
                              "value": {
                                "coordinate": "hybrid_beta:overworld/vegetation",
                                "points": [
                                  {
                                    "location": -1.0,
                                    "value": 2.5,
                                    "derivative": -0.25
                                  },
                                  {
                                    "location": 0.0,
                                    "value": 0.9,
                                    "derivative": 0.0
                                  }
                                ]
                              },
                              "derivative": 0.0
                            }
                          ]
                        }
                      },
                      {
                        "location": -0.1,
                        "derivative": 0,
                        "value": {
                          "coordinate": "minecraft:overworld/ridges",
                          "points": [
                            {
                              "location": -0.2,
                              "value": 3.5,
                              "derivative": 0.1
                            },
                            {
                              "location": 0.0,
                              "value": 5.0,
                              "derivative": 0
                            },
                            {
                              "location": 0.04,
                              "value": 4.5,
                              "derivative": -0.3
                            },
                            {
                              "location": 0.06,
                              "value": {
                                "coordinate": "hybrid_beta:overworld/vegetation",
                                "points": [
                                  {
                                    "location": -1.0,
                                    "value": 2.5,
                                    "derivative": -0.25
                                  },
                                  {
                                    "location": 0.0,
                                    "value": 0.9,
                                    "derivative": 0.0
                                  }
                                ]
                              },
                              "derivative": 0.0
                            },
                            {
                              "location": 0.2,
                              "value": {
                                "coordinate": "hybrid_beta:overworld/vegetation",
                                "points": [
                                  {
                                    "location": -1.0,
                                    "value": 2.5,
                                    "derivative": -0.25
                                  },
                                  {
                                    "location": 0.0,
                                    "value": 0.9,
                                    "derivative": 0.0
                                  }
                                ]
                              },
                              "derivative": 0.1
                            }
                          ]
                        }
                      },
                      {
                        "location": 0.03,
                        "derivative": 0,
                        "value": {
                          "coordinate": "minecraft:overworld/ridges",
                          "points": [
                            {
                              "location": -0.2,
                              "value": 3.5,
                              "derivative": 0.1
                            },
                            {
                              "location": 0.0,
                              "value": 5.0,
                              "derivative": 0
                            },
                            {
                              "location": 0.04,
                              "value": 4.5,
                              "derivative": -0.3
                            },
                            {
                              "location": 0.06,
                              "value": {
                                "coordinate": "hybrid_beta:overworld/vegetation",
                                "points": [
                                  {
                                    "location": -1.0,
                                    "value": 2.5,
                                    "derivative": -0.25
                                  },
                                  {
                                    "location": 0.0,
                                    "value": 0.9,
                                    "derivative": 0.0
                                  }
                                ]
                              },
                              "derivative": 0.0
                            },
                            {
                              "location": 0.2,
                              "value": {
                                "coordinate": "hybrid_beta:overworld/vegetation",
                                "points": [
                                  {
                                    "location": -1.0,
                                    "value": 2.5,
                                    "derivative": -0.25
                                  },
                                  {
                                    "location": 0.0,
                                    "value": 0.9,
                                    "derivative": 0.0
                                  }
                                ]
                              },
                              "derivative": 0.1
                            }
                          ]
                        }
                      },
                      {
                        "location": 0.05,
                        "derivative": 0,
                        "value": {
                          "coordinate": "minecraft:overworld/ridges",
                          "points": [
                            {
                              "location": -0.2,
                              "value": 3.5,
                              "derivative": 0.1
                            },
                            {
                              "location": 0.0,
                              "value": 5.0,
                              "derivative": 0
                            },
                            {
                              "location": 0.04,
                              "value": 4.5,
                              "derivative": -0.3
                            },
                            {
                              "location": 0.06,
                              "value": {
                                "coordinate": "hybrid_beta:overworld/vegetation",
                                "points": [
                                  {
                                    "location": -1.0,
                                    "value": 2.5,
                                    "derivative": -0.25
                                  },
                                  {
                                    "location": 0.0,
                                    "value": 0.9,
                                    "derivative": 0.0
                                  }
                                ]
                              },
                              "derivative": 0.0
                            },
                            {
                              "location": 0.2,
                              "value": {
                                "coordinate": "hybrid_beta:overworld/vegetation",
                                "points": [
                                  {
                                    "location": -1.0,
                                    "value": 2.5,
                                    "derivative": -0.25
                                  },
                                  {
                                    "location": 0.0,
                                    "value": 0.9,
                                    "derivative": 0.0
                                  }
                                ]
                              },
                              "derivative": 0.1
                            }
                          ]
                        }
                      },
                      {
                        "location": 0.4,
                        "derivative": 0,
                        "value": {
                          "coordinate": "minecraft:overworld/ridges",
                          "points": [
                            {
                              "location": -0.2,
                              "value": 2.5,
                              "derivative": 0.1
                            },
                            {
                              "location": 0.0,
                              "value": 5.0,
                              "derivative": 0
                            },
                            {
                              "location": 0.04,
                              "value": 4.5,
                              "derivative": -0.3
                            },
                            {
                              "location": 0.06,
                              "value": {
                                "coordinate": "hybrid_beta:overworld/vegetation",
                                "points": [
                                  {
                                    "location": -1.0,
                                    "value": 2.5,
                                    "derivative": -0.25
                                  },
                                  {
                                    "location": 0.0,
                                    "value": 0.9,
                                    "derivative": 0.0
                                  }
                                ]
                              },
                              "derivative": 0.0
                            },
                            {
                              "location": 0.2,
                              "value": {
                                "coordinate": "hybrid_beta:overworld/vegetation",
                                "points": [
                                  {
                                    "location": -1.0,
                                    "value": 2.5,
                                    "derivative": -0.25
                                  },
                                  {
                                    "location": 0.0,
                                    "value": 0.9,
                                    "derivative": 0.0
                                  }
                                ]
                              },
                              "derivative": 0.1
                            }
                          ]
                        }
                      },
                      {
                        "location": 0.45,
                        "derivative": 0,
                        "value": {
                          "coordinate": "minecraft:overworld/ridges",
                          "points": [
                            {
                              "location": -0.2,
                              "value": 2.5,
                              "derivative": 0.1
                            },
                            {
                              "location": 0.0,
                              "value": 5.0,
                              "derivative": 0
                            },
                            {
                              "location": 0.04,
                              "value": 4.5,
                              "derivative": -0.3
                            },
                            {
                              "location": 0.06,
                              "value": {
                                "coordinate": "hybrid_beta:overworld/vegetation",
                                "points": [
                                  {
                                    "location": -1.0,
                                    "value": 2.5,
                                    "derivative": -0.25
                                  },
                                  {
                                    "location": 0.0,
                                    "value": 0.9,
                                    "derivative": 0.0
                                  }
                                ]
                              },
                              "derivative": 0.0
                            },
                            {
                              "location": 0.2,
                              "value": {
                                "coordinate": "hybrid_beta:overworld/vegetation",
                                "points": [
                                  {
                                    "location": -1.0,
                                    "value": 2.5,
                                    "derivative": -0.25
                                  },
                                  {
                                    "location": 0.0,
                                    "value": 0.9,
                                    "derivative": 0.0
                                  }
                                ]
                              },
                              "derivative": 0.0
                            }
                          ]
                        }
                      },
                      {
                        "location": 0.55,
                        "derivative": 0,
                        "value": {
                          "coordinate": "minecraft:overworld/ridges",
                          "points": [
                            {
                              "location": -0.2,
                              "value": 3.5,
                              "derivative": 0.1
                            },
                            {
                              "location": 0.0,
                              "value": 5.0,
                              "derivative": 0
                            },
                            {
                              "location": 0.04,
                              "value": 4.5,
                              "derivative": -0.3
                            },
                            {
                              "location": 0.06,
                              "value": {
                                "coordinate": "hybrid_beta:overworld/vegetation",
                                "points": [
                                  {
                                    "location": -1.0,
                                    "value": 2.5,
                                    "derivative": -0.25
                                  },
                                  {
                                    "location": 0.0,
                                    "value": 0.9,
                                    "derivative": 0.0
                                  }
                                ]
                              },
                              "derivative": 0.0
                            },
                            {
                              "location": 0.2,
                              "value": {
                                "coordinate": "hybrid_beta:overworld/vegetation",
                                "points": [
                                  {
                                    "location": -1.0,
                                    "value": 2.5,
                                    "derivative": -0.25
                                  },
                                  {
                                    "location": 0.0,
                                    "value": 0.9,
                                    "derivative": 0.0
                                  }
                                ]
                              },
                              "derivative": 0.1
                            }
                          ]
                        }
                      },
                      {
                        "location": 0.58,
                        "derivative": 0,
                        "value": {
                          "coordinate": "minecraft:overworld/ridges",
                          "points": [
                            {
                              "location": 0.0,
                              "value": 3.0,
                              "derivative": 0
                            }
                          ]
                        }
                      },
                      {
                        "location": 0.7,
                        "derivative": 0,
                        "value": {
                          "coordinate": "minecraft:overworld/ridges",
                          "points": [
                            {
                              "location": -0.1,
                              "value": 5.4,
                              "derivative": 0
                            },
                            {
                              "location": 0.1,
                              "value": 5.4,
                              "derivative": 0
                            }
                          ]
                        }
                      }
                    ]
                  }
                }
              ]
            }
          }
        }
      }
    }
  }
}