{
  "name": "idas:cottage",
  "fallback": "minecraft:empty",
  "elements": [
    {
      "weight": 1,
      "element": {
        "location": "idas:cottage/cottage",
        "processors": "integrated_api:waterlogging_fix_processor",
        "projection": "rigid",
        "element_type": "minecraft:single_pool_element"
      }
    },
    {
      "weight": 1,
      "element": {
        "location": "idas:cottage/cottage2",
        "processors": "integrated_api:waterlogging_fix_processor",
        "projection": "rigid",
        "element_type": "minecraft:single_pool_element"
      }
    }
  ]
}