{"type":"mul",
   "argument1":1.0,
   "argument2":
{"type":"add",
   "argument1":-0.19,
   "argument2":
{
      "type":"square",
      "argument":
      {
         "type":"add",
         "argument1":0.19,
         "argument2":
      {
         "type":"clamp",
         "min":-0.19,
         "max":1000000,
         "input":{
            "type":"add",
            "argument1":{
               "argument":{
                  "xz_scale":0.25,
                  "y_scale":0.0,
                  "noise":"continents:large/island_noise",
                  "type":"minecraft:noise"
               },
               "type":"minecraft:flat_cache"
            },
            "argument2":"continents:large/island_impact"
         }
      }
   }
}

}}