{
   "type":"add",
   "argument1":"continents:large/island_squared",
   "argument2":{
      "type":"add",
      "argument1":{
         "argument":

         {
            "type":"min",
            "argument1":0.6,
            "argument2":
            {
            "xz_scale":0.25,
            "y_scale":0.0,
            "noise":"continents:large/island_amount",
            "type":"minecraft:noise"
         }
      },
         "type":"minecraft:flat_cache"
      },
      "argument2":-0.675
   }
}


