{
  "name": "idas:animal_den/forest_den",
  "fallback": "minecraft:empty",
  "elements": [
    {
      "weight": 1,
      "element": {
        "location": "idas:animal_den/bear_den",
        "processors": "integrated_api:waterlogging_fix_processor",
        "projection": "rigid",
        "element_type": "minecraft:single_pool_element"
      }
    },
    {
      "weight": 1,
      "element": {
        "location": "idas:animal_den/wolf_den",
        "processors": "integrated_api:waterlogging_fix_processor",
        "projection": "rigid",
        "element_type": "minecraft:single_pool_element"
      }
    }
  ]
}