{
  "type": "integrated_api:generic_structure",
  "start_pool": "idas:sunken_ship/sunken_ship",
  "size": 1,
  "valid_biome_radius_check": 1,
  "biomes": "#idas:has_structure/sunken_ship_biomes",
  "step": "surface_structures",
  "terrain_adaptation": "beard_box",
  "project_start_to_heightmap": "OCEAN_FLOOR_WG",
  "burying_type": "LOWEST_CORNER",
  "start_height": {
    "absolute": -1
  },
  "spawn_overrides": {
    "monster": {
      "bounding_box": "piece",
      "spawns": [
        {
          "type": "alexsmobs:skelewag",
          "weight": 5,
          "minCount": 1,
          "maxCount": 2
        },
        {
          "type": "quark:wraith",
          "weight": 5,
          "minCount": 1,
          "maxCount": 2
        }
      ]
    }
  }
}